{
    "icons": [
        {
            "title": "500px",
            "hex": "0099E5",
            "source": "https://about.500px.com/press"
        },
        {
            "title": "About.me",
            "hex": "044A75",
            "source": "https://about.me/assets"
        },
        {
            "title": "Air",
            "hex": "FF2D55",
            "source": "http://getair.co"
        },
        {
            "title": "Airbnb",
            "hex": "FF5A5F",
            "source": "https://www.airbnb.co.uk/press/resources"
        },
        {
            "title": "Amazon",
            "hex": "FF9900",
            "source": "https://worldvectorlogo.com/logo/amazon-icon"
        },
        {
            "title": "American Express",
            "hex": "2E77BC",
            "source": "https://commons.wikimedia.org/wiki/File:American_Express_logo.svg"
        },
        {
            "title": "Android",
            "hex": "A4C639",
            "source": "http://developer.android.com/distribute/tools/promote/brand.html"
        },
        {
            "title": "App.net",
            "hex": "3A393C",
            "source": "https://account.app.net/legal/assets"
        },
        {
            "title": "Apple",
            "hex": "999999",
            "source": "https://worldvectorlogo.com/logo/apple"
        },
        {
            "title": "Asana",
            "hex": "273347",
            "source": "https://asana.com/styles"
        },
        {
            "title": "Automatic",
            "hex": "7D8084",
            "source": "https://www.automatic.com/press"
        },
        {
            "title": "Baidu",
            "hex": "2319DC",
            "source": "https://en.wikipedia.org/wiki/File:Baidu.svg"
        },
        {
            "title": "Bandcamp",
            "hex": "408294",
            "source": "https://bandcamp.com/buttons"
        },
        {
            "title": "Basecamp",
            "hex": "66CC66",
            "source": "https://worldvectorlogo.com/logo/basecamp"
        },
        {
            "title": "Bath ASU",
            "hex": "00A3E0",
            "source": ""
        },
        {
            "title": "Bebo",
            "hex": "DE484A",
            "source": "http://bebo.com/press"
        },
        {
            "title": "Behance",
            "hex": "1769FF",
            "source": "https://www.behance.net/dev/api/brand"
        },
        {
            "title": "Big Cartel",
            "hex": "222222",
            "source": "https://www.bigcartel.com"
        },
        {
            "title": "Bing",
            "hex": "008373",
            "source": "https://commons.wikimedia.org/wiki/File:Bing_logo_(2016).svg"
        },
        {
            "title": "Bitbucket",
            "hex": "205081",
            "source": "https://bitbucket.org"
        },
        {
            "title": "Bitcoin",
            "hex": "F7931A",
            "source": "https://bitcoin.org/en"
        },
        {
            "title": "Bitly",
            "hex": "EE6123",
            "source": "https://bitly.com/pages/press"
        },
        {
            "title": "Blogger",
            "hex": "F38936",
            "source": "https://www.blogger.com"
        },
        {
            "title": "Bootstrap",
            "hex": "563D7C",
            "source": "http://getbootstrap.com/about"
        },
        {
            "title": "BuzzFeed",
            "hex": "EE3322",
            "source": "http://www.buzzfeed.com/press/downloads"
        },
        {
            "title": "Campaign Monitor",
            "hex": "19A9E5",
            "source": "https://www.campaignmonitor.com/brand"
        },
        {
            "title": "CircleCI",
            "hex": "343434",
            "source": "https://circleci.com/press"
        },
        {
            "title": "Code School",
            "hex": "4CADC0",
            "source": "https://www.codeschool.com/brand-assets"
        },
        {
            "title": "Codecademy",
            "hex": "204056",
            "source": ""
        },
        {
            "title": "CodePen",
            "hex": "000000",
            "source": "http://codepen.io"
        },
        {
            "title": "Coderwall",
            "hex": "3E8DCC",
            "source": "https://github.com/twolfson/coderwall-svg"
        },
        {
            "title": "Codio",
            "hex": "4574E0",
            "source": "https://codio.com"
        },
        {
            "title": "ComproPago",
            "hex": "00AAEF",
            "source": "https://compropago.com"
        },
        {
            "title": "Conekta",
            "hex": "414959",
            "source": "https://www.conekta.io"
        },
        {
            "title": "Co-op",
            "hex": "00A1CC",
            "source": "http://www.co-operative.coop/corporate/press/logos/"
        },
        {
            "title": "Coursera",
            "hex": "757575",
            "source": "https://www.coursera.org"
        },
        {
            "title": "CSS Wizardry",
            "hex": "F43059",
            "source": "http://csswizardry.com"
        },
        {
            "title": "Dailymotion",
            "hex": "0066DC",
            "source": "http://press.dailymotion.com/?page_id=346"
        },
        {
            "title": "Deezer",
            "hex": "00C7F2",
            "source": "http://www.deezer.com/company/press"
        },
        {
            "title": "Delicious",
            "hex": "3399FF",
            "source": "https://en.wikipedia.org/wiki/Delicious_(website)"
        },
        {
            "title": "Designer News",
            "hex": "2D72D9",
            "source": "https://www.designernews.co"
        },
        {
            "title": "DeviantArt",
            "hex": "05CC47",
            "source": "http://help.deviantart.com/21"
        },
        {
            "title": "Diaspora",
            "hex": "000000",
            "source": "https://wiki.diasporafoundation.org/Branding"
        },
        {
            "title": "Digg",
            "hex": "000000",
            "source": "https://en.wikipedia.org/wiki/Digg"
        },
        {
            "title": "DigitalOcean",
            "hex": "0080FF",
            "source": "https://www.digitalocean.com/company/logos-and-badges/"
        },
        {
            "title": "Discord",
            "hex": "7289DA",
            "source": "https://discordapp.com/branding"
        },
        {
            "title": "Disqus",
            "hex": "2E9FFF",
            "source": "https://disqus.com/brand"
        },
        {
            "title": "Docker",
            "hex": "1488C6",
            "source": "https://www.docker.com"
        },
        {
            "title": "Draugiem.lv",
            "hex": "FF6600",
            "source": "https://www.frype.com/applications/dev/docs/logos/"
        },
        {
            "title": "Dribbble",
            "hex": "EA4C89",
            "source": "https://dribbble.com/branding"
        },
        {
            "title": "Dropbox",
            "hex": "007EE5",
            "source": "https://www.dropbox.com/branding"
        },
        {
            "title": "Drupal",
            "hex": "0678BE",
            "source": "https://www.drupal.org/drupalorg/style-guide/colors"
        },
        {
            "title": "eBay",
            "hex": "E53238",
            "source": "https://go.developer.ebay.com/logos"
        },
        {
            "title": "Ello",
            "hex": "000000",
            "source": "https://ello.co"
        },
        {
            "title": "Empire Kred",
            "hex": "72BE50",
            "source": "http://www.empire.kred"
        },
        {
            "title": "Ethereum",
            "hex": "3C3C3D",
            "source": "https://www.ethereum.org/images/logos/Ethereum_Visual_Identity_1.0.0.pdf"
        },
        {
            "title": "Etsy",
            "hex": "F45800",
            "source": "https://www.etsy.com/uk/press"
        },
        {
            "title": "Event Store",
            "hex": "5AB552",
            "source": "https://github.com/eventstore/brand"
        },
        {
            "title": "Eventbrite",
            "hex": "F6682F",
            "source": "https://www.eventbrite.com"
        },
        {
            "title": "Evernote",
            "hex": "6Fb536",
            "source": "https://evernote.com/media/pdf/evernote_quick_brand_guidelines.pdf"
        },
        {
            "title": "Everplaces",
            "hex": "FA4B32",
            "source": "https://everplaces.com"
        },
        {
            "title": "Facebook",
            "hex": "3B5998",
            "source": "https://www.facebookbrand.com"
        },
        {
            "title": "Feedly",
            "hex": "6CC655",
            "source": "https://worldvectorlogo.com/logo/feedly"
        },
        {
            "title": "Fitbit",
            "hex": "00B0B9",
            "source": "http://www.fitbit.com/uk/home"
        },
        {
            "title": "Flickr",
            "hex": "0063DC",
            "source": "https://worldvectorlogo.com/logo/flickr-1"
        },
        {
            "title": "Flipboard",
            "hex": "E12828",
            "source": "https://about.flipboard.com/brand-guidelines"
        },
        {
            "title": "Foursquare",
            "hex": "F94877",
            "source": "https://foursquare.com/about/logos"
        },
        {
            "title": "freeCodeCamp",
            "hex": "006600",
            "source": "https://freecodecamp.com"
        },
        {
            "title": "Gauges",
            "hex": "339966",
            "source": ""
        },
        {
            "title": "Geeklist",
            "hex": "8CC63F",
            "source": "https://geekli.st/press"
        },
        {
            "title": "Geocaching",
            "hex": "467126",
            "source": "https://www.geocaching.com/about/logousage.aspx"
        },
        {
            "title": "Ghost",
            "hex": "718087",
            "source": "https://ghost.org/about/logos"
        },
        {
            "title": "Git",
            "hex": "F14E32",
            "source": "http://git-scm.com/downloads/logos"
        },
        {
            "title": "GitHub",
            "hex": "181717",
            "source": "https://github.com/logos"
        },
        {
            "title": "GitLab",
            "hex": "E24329",
            "source": "https://about.gitlab.com/press/"
        },
        {
            "title": "Gitter",
            "hex": "FF0064",
            "source": ""
        },
        {
            "title": "Glassdoor",
            "hex": "7CB228",
            "source": "http://www.glassdoor.com/press/images"
        },
        {
            "title": "GoldenLine",
            "hex": "FBBF00",
            "source": "http://www.goldenline.pl"
        },
        {
            "title": "Goodreads",
            "hex": "663300",
            "source": ""
        },
        {
            "title": "Google",
            "hex": "4285F4",
            "source": "https://developers.google.com/+/branding-guidelines?hl=en"
        },
        {
            "title": "Google+",
            "hex": "DC4E41",
            "source": "https://developers.google.com/+/branding-guidelines"
        },
        {
            "title": "Google Analytics",
            "hex": "FFC107",
            "source": "https://analytics.google.com"
        },
        {
            "title": "Google Drive",
            "hex": "4386FC",
            "source": "https://developers.google.com/drive/web/branding"
        },
        {
            "title": "Google Hangouts",
            "hex": "0C9D58",
            "source": "https://material.google.com/resources/sticker-sheets-icons.html#sticker-sheets-icons-components"
        },
        {
            "title": "Google Play",
            "hex": "607D8B",
            "source": "https://getsello.com"
        },
        {
            "title": "GOV.UK",
            "hex": "005EA5",
            "source": "https://github.com/alphagov/design-assets/tree/master/Icons"
        },
        {
            "title": "Gratipay",
            "hex": "663300",
            "source": "https://gratipay.com"
        },
        {
            "title": "Grav",
            "hex": "221E1F",
            "source": "http://getgrav.org/media"
        },
        {
            "title": "Gravatar",
            "hex": "1E8CBE",
            "source": "https://automattic.com/press"
        },
        {
            "title": "Gulp",
            "hex": "DA4648",
            "source": "https://github.com/gulpjs/artwork/blob/master/gulp.svg"
        },
        {
            "title": "Gumtree",
            "hex": "72EF36",
            "source": "https://www.gumtree.com"
        },
        {
            "title": "Hatena Bookmark",
            "hex": "00A4DE",
            "source": "http://hatenacorp.jp/press/resource"
        },
        {
            "title": "Heroku",
            "hex": "430098",
            "source": "https://www.heroku.com"
        },
        {
            "title": "HipChat",
            "hex": "205281",
            "source": "http://hipchat.com"
        },
        {
            "title": "Hootsuite",
            "hex": "000000",
            "source": "https://hootsuite.com/en-gb/about/media-kit"
        },
        {
            "title": "Houzz",
            "hex": "7AC142",
            "source": "http://www.houzz.co.uk/buttonsAndBadges"
        },
        {
            "title": "HTML5",
            "hex": "E34F26",
            "source": "http://www.w3.org/html/logo/"
        },
        {
            "title": "Hulu",
            "hex": "66AA33",
            "source": "http://www.hulu.com/press/assets"
        },
        {
            "title": "IMDb",
            "hex": "E6B91E",
            "source": "http://www.imdb.com/pressroom/brand_guidelines"
        },
        {
            "title": "Instacart",
            "hex": "43B02A",
            "source": "https://www.instacart.com/press"
        },
        {
            "title": "Instagram",
            "hex": "E4405F",
            "source": "https://www.instagram-brand.com"
        },
        {
            "title": "Instapaper",
            "hex": "1F1F1F",
            "source": ""
        },
        {
            "title": "Intercom",
            "hex": "1F8DED",
            "source": "https://www.intercom.io"
        },
        {
            "title": "InVision",
            "hex": "FF3366",
            "source": "https://projects.invisionapp.com/boards/BX4P1DY5H46R"
        },
        {
            "title": "Jekyll",
            "hex": "CC0000",
            "source": "https://github.com/jekyll/brand"
        },
        {
            "title": "JavaScript",
            "hex": "F7DF1E",
            "source": "https://github.com/voodootikigod/logo.js"
        },
        {
            "title": "Jenkins",
            "hex": "D24939",
            "source": "https://wiki.jenkins-ci.org/display/JENKINS/Logo"
        },
        {
            "title": "Joomla",
            "hex": "5091CD",
            "source": "https://docs.joomla.org/Joomla:Brand_Identity_Elements"
        },
        {
            "title": "JustGiving",
            "hex": "AD29B6",
            "source": "https://justgiving.com"
        },
        {
            "title": "JSFiddle",
            "hex": "4679a4",
            "source": "http://doc.jsfiddle.net/meta/downloads.html"
        },
        {
            "title": "JSON",
            "hex": "000000",
            "source": "https://commons.wikimedia.org/wiki/File:JSON_vector_logo.svg"
        },
        {
            "title": "Kaggle",
            "hex": "20BEFF",
            "source": "https://www.kaggle.com/contact"
        },
        {
            "title": "Khan Academy",
            "hex": "9DB63B",
            "source": "https://khanacademy.zendesk.com/hc/en-us/articles/202483630-Press-room"
        },
        {
            "title": "Kickstarter",
            "hex": "2BDE73",
            "source": "https://www.kickstarter.com/help/brand_assets"
        },
        {
            "title": "Kik",
            "hex": "82BC23",
            "source": "http://www.kik.com/press"
        },
        {
            "title": "Kirby",
            "hex": "FF0100",
            "source": "http://getkirby.com/assets/images/logo.svg"
        },
        {
            "title": "Klout",
            "hex": "E44600",
            "source": "https://klout.com/s/developers/styleguide"
        },
        {
            "title": "Koding",
            "hex": "00B057",
            "source": "https://koding.com/About"
        },
        {
            "title": "Lanyrd",
            "hex": "3C80CA",
            "source": "http://lanyrd.com/help/faq/#branding"
        },
        {
            "title": "Laravel",
            "hex": "E74430",
            "source": "https://github.com/laravel/art"
        },
        {
            "title": "Last.fm",
            "hex": "D51007",
            "source": "http://www.last.fm/about/resources"
        },
        {
            "title": "Launchpad",
            "hex": "F8C300",
            "source": "https://help.launchpad.net/logo/submissions"
        },
        {
            "title": "Line",
            "hex": "00C300",
            "source": "http://line.me/en/logo"
        },
        {
            "title": "LinkedIn",
            "hex": "0077B5",
            "source": "https://brand.linkedin.com"
        },
        {
            "title": "Linux Foundation",
            "hex": "009BEE",
            "source": "http://www.linuxfoundation.org/about/about-linux"
        },
        {
            "title": "LiveJournal",
            "hex": "00B0EA",
            "source": "http://www.livejournal.com"
        },
        {
            "title": "Livestream",
            "hex": "CF202E",
            "source": "https://livestream.com/press"
        },
        {
            "title": "Macy’s",
            "hex": "E11A2B",
            "source": "http://macys.com"
        },
        {
            "title": "Magento",
            "hex": "EE672F",
            "source": "http://magento.com"
        },
        {
            "title": "MailChimp",
            "hex": "2C9AB7",
            "source": "http://mailchimp.com/about/brand-assets"
        },
        {
            "title": "MakerBot",
            "hex": "FF1E0D",
            "source": "http://www.makerbot.com/makerbot-press-assets"
        },
        {
            "title": "MasterCard",
            "hex": "EB001B",
            "source": "https://brand.mastercard.com/brandcenter/mastercard-brand-mark/downloads.html"
        },
        {
            "title": "Matternet",
            "hex": "261C29",
            "source": "http://mttr.net"
        },
        {
            "title": "MediaTemple",
            "hex": "000000",
            "source": "https://mediatemple.net/company/about-us"
        },
        {
            "title": "Medium",
            "hex": "00AB6B",
            "source": "https://medium.com"
        },
        {
            "title": "Meetup",
            "hex": "E2373C",
            "source": ""
        },
        {
            "title": "Messenger",
            "hex": "0084FF",
            "source": "https://worldvectorlogo.com/logo/facebook-messenger"
        },
        {
            "title": "Microgenetics",
            "hex": "FF0000",
            "source": ""
        },
        {
            "title": "Microsoft",
            "hex": "666666",
            "source": "https://ratnacahayarina.files.wordpress.com/2014/03/microsoft.pdf"
        },
        {
            "title": "Microsoft Access",
            "hex": "BA141A",
            "source": "https://www.office.com"
        },
        {
            "title": "Microsoft Excel",
            "hex": "217346",
            "source": "https://www.office.com"
        },
        {
            "title": "Microsoft OneNote",
            "hex": "80397B",
            "source": "https://www.office.com"
        },
        {
            "title": "Microsoft Outlook",
            "hex": "0072C6",
            "source": "https://www.office.com"
        },
        {
            "title": "Microsoft PowerPoint",
            "hex": "D24726",
            "source": "https://www.office.com"
        },
        {
            "title": "Microsoft Word",
            "hex": "2B579A",
            "source": "https://www.office.com"
        },
        {
            "title": "Minecraft",
            "hex": "62B74A",
            "source": ""
        },
        {
            "title": "Minutemailer",
            "hex": "3ABFE6",
            "source": "https://minutemailer.com/press"
        },
        {
            "title": "Mixcloud",
            "hex": "314359",
            "source": "https://www.mixcloud.com/branding"
        },
        {
            "title": "Monero",
            "hex": "FF6600",
            "source": "https://getmonero.org"
        },
        {
            "title": "Monkey tie",
            "hex": "FFC619",
            "source": "https://www.monkey-tie.com/presse"
        },
        {
            "title": "Monogram",
            "hex": "FDB22A",
            "source": "http://monogram.me"
        },
        {
            "title": "Moo",
            "hex": "00945E",
            "source": "https://www.moo.com/uk/about/press.html"
        },
        {
            "title": "Myspace",
            "hex": "030303",
            "source": "https://myspace.com/pressroom/assetslogos"
        },
        {
            "title": "Netflix",
            "hex": "e50914",
            "source": "https://commons.wikimedia.org/wiki/File:Netflix_2014_logo.svg"
        },
        {
            "title": "Nintendo",
            "hex": "8F8F8F",
            "source": "https://en.wikipedia.org/wiki/Nintendo#/media/File:Nintendo.svg"
        },
        {
            "title": "Oculus",
            "hex": "1C1E20",
            "source": "https://www.oculus.com/en-us/press-kit"
        },
        {
            "title": "Odnoklassniki",
            "hex": "F4731C",
            "source": "http://v.ok.ru/logo.html"
        },
        {
            "title": "OneDrive",
            "hex": "094AB2",
            "source": "https://msdn.microsoft.com/en-us/onedrive/dn673556.aspx"
        },
        {
            "title": "Opera",
            "hex": "FF1B2D",
            "source": "https://github.com/operasoftware/logo"
        },
        {
            "title": "Overcast",
            "hex": "FC7E0F",
            "source": "https://overcast.fm"
        },
        {
            "title": "OVH",
            "hex": "123F6D",
            "source": "https://www.ovh.com/fr/news/logo-ovh.xml"
        },
        {
            "title": "Patreon",
            "hex": "E6461A",
            "source": "https://worldvectorlogo.com/logo/patreon"
        },
        {
            "title": "PayPal",
            "hex": "00457C",
            "source": "https://www.paypal-marketing.com/html/partner/na/portal-v2/pdf/PP_Masterbrandguidelines_v21_mm.pdf"
        },
        {
            "title": "Periscope",
            "hex": "40A4C4",
            "source": "https://www.periscope.tv/press"
        },
        {
            "title": "Pingup",
            "hex": "00B1AB",
            "source": "http://pingup.com/resources"
        },
        {
            "title": "Pinterest",
            "hex": "BD081C",
            "source": "https://business.pinterest.com/en/brand-guidelines"
        },
        {
            "title": "Player.me",
            "hex": "C0379A",
            "source": "https://player.me/p/about-us"
        },
        {
            "title": "PlayStation",
            "hex": "000000",
            "source": "http://uk.playstation.com/media/DPBjbK0o/CECH-4202_4203%20PS3_QSG_GB_Eastern_3_web_vf1.pdf"
        },
        {
            "title": "Pocket",
            "hex": "EF3F56",
            "source": "https://getpocket.com/blog/press/"
        },
        {
            "title": "Podcasts",
            "hex": "9933CC",
            "source": ""
        },
        {
            "title": "Product Hunt",
            "hex": "DA552F",
            "source": "https://www.producthunt.com/branding"
        },
        {
            "title": "Proto.io",
            "hex": "34A7C1",
            "source": "https://proto.io/en/presskit"
        },
        {
            "title": "Quantopian",
            "hex": "C50000",
            "source": "https://www.quantopian.com"
        },
        {
            "title": "Quora",
            "hex": "B92B27",
            "source": "https://www.quora.com"
        },
        {
            "title": "Raspberry Pi",
            "hex": "C7053D",
            "source": "https://www.raspberrypi.org/trademark-rules"
        },
        {
            "title": "Rdio",
            "hex": "008FD5",
            "source": "https://commons.wikimedia.org/wiki/File:Rdio.svg"
        },
        {
            "title": "React",
            "hex": "00D8FF",
            "source": "https://facebook.github.io/react/"
        },
        {
            "title": "Readability",
            "hex": "990000",
            "source": "https://readability.com/about"
        },
        {
            "title": "Read the Docs",
            "hex": "8CA1AF",
            "source": "https://github.com/rtfd/readthedocs.org/blob/master/media/readthedocsbranding.ai"
        },
        {
            "title": "Reddit",
            "hex": "FF4500",
            "source": "https://worldvectorlogo.com/logo/reddit-2"
        },
        {
            "title": "ReverbNation",
            "hex": "E43526",
            "source": "https://www.reverbnation.com"
        },
        {
            "title": "RSS",
            "hex": "FFA500",
            "source": "https://en.wikipedia.org/wiki/Feed_icon"
        },
        {
            "title": "Ruby",
            "hex": "CC342D",
            "source": ""
        },
        {
            "title": "Runkeeper",
            "hex": "2DC9D7",
            "source": "https://runkeeper.com/partnerships"
        },
        {
            "title": "Sass",
            "hex": "CC6699",
            "source": "http://sass-lang.com/styleguide/brand"
        },
        {
            "title": "Sauce Labs",
            "hex": "EC4047",
            "source": "https://saucelabs.com/press-room/press-coverage"
        },
        {
            "title": "Scribd",
            "hex": "1A7BBA",
            "source": "https://www.scribd.com"
        },
        {
            "title": "Sega",
            "hex": "0089CF",
            "source": "https://en.wikipedia.org/wiki/Sega#/media/File:Sega_logo.svg"
        },
        {
            "title": "Sellfy",
            "hex": "21B352",
            "source": "https://sellfy.com/about/"
        },
        {
            "title": "Sentia Yoga",
            "hex": "4CAF50",
            "source": ""
        },
        {
            "title": "Sentry",
            "hex": "FB4226",
            "source": "https://sentry.io/branding/"
        },
        {
            "title": "Shopify",
            "hex": "7AB55C",
            "source": "https://press.shopify.com/brand"
        },
        {
            "title": "Simple Icons",
            "hex": "111111",
            "source": ""
        },
        {
            "title": "Sina Weibo",
            "hex": "E6162D",
            "source": "https://en.wikipedia.org/wiki/Sina_Weibo"
        },
        {
            "title": "SitePoint",
            "hex": "258AAF",
            "source": "http://www.sitepoint.com"
        },
        {
            "title": "Skyliner",
            "hex": "2FCEA0",
            "source": "https://www.skyliner.io/help"
        },
        {
            "title": "Skype",
            "hex": "00AFF0",
            "source": "http://blogs.skype.com/?attachment_id=56273"
        },
        {
            "title": "Slack",
            "hex": "56B68B",
            "source": "https://slack.com/brand-guidelines"
        },
        {
            "title": "Slashdot",
            "hex": "026664",
            "source": "https://commons.wikimedia.org/wiki/File:Slashdot_wordmark_and_logo.svg"
        },
        {
            "title": "Slides",
            "hex": "E4637C",
            "source": "https://slides.com/about"
        },
        {
            "title": "Smashing Magazine",
            "hex": "E85C33",
            "source": ""
        },
        {
            "title": "Snapchat",
            "hex": "FFFC00",
            "source": "https://www.snapchat.com/brand-guidelines"
        },
        {
            "title": "Songkick",
            "hex": "F80046",
            "source": "http://blog.songkick.com/media-assets"
        },
        {
            "title": "SoundCloud",
            "hex": "FF3300",
            "source": "https://soundcloud.com/press"
        },
        {
            "title": "Speaker Deck",
            "hex": "339966",
            "source": ""
        },
        {
            "title": "Spotify",
            "hex": "1ED760",
            "source": "https://developer.spotify.com/design"
        },
        {
            "title": "Spotlight",
            "hex": "352A71",
            "source": "https://www.spotlight.com/"
        },
        {
            "title": "Spreaker",
            "hex": "F5C300",
            "source": "http://www.spreaker.com/press"
        },
        {
            "title": "Squarespace",
            "hex": "000000",
            "source": "http://squarespace.com/brand-guidelines"
        },
        {
            "title": "Stack Overflow",
            "hex": "FE7A16",
            "source": "http://stackoverflow.com"
        },
        {
            "title": "Statamic",
            "hex": "1F3641",
            "source": "http://statamic.com/press"
        },
        {
            "title": "Steam",
            "hex": "000000",
            "source": "https://partner.steamgames.com/public/marketing/Steam_Guidelines_02102016.pdf"
        },
        {
            "title": "Stitcher",
            "hex": "000000",
            "source": ""
        },
        {
            "title": "Storify",
            "hex": "3A98D9",
            "source": "https://storify.com"
        },
        {
            "title": "Stripe",
            "hex": "008CDD",
            "source": "https://stripe.com/about/resources"
        },
        {
            "title": "StubHub",
            "hex": "003168",
            "source": "http://www.stubhub.com"
        },
        {
            "title": "StumbleUpon",
            "hex": "EB4924",
            "source": "http://corp.stumbleupon.com/press"
        },
        {
            "title": "StyleShare",
            "hex": "231F20",
            "source": "http://about.stylesha.re/en/press/presskit/"
        },
        {
            "title": "Subversion",
            "hex": "809CC9",
            "source": "http://subversion.apache.org/logo"
        },
        {
            "title": "Swarm",
            "hex": "FBB631",
            "source": "https://foursquare.com/about/logos"
        },
        {
            "title": "TED",
            "hex": "E62B1E",
            "source": "https://www.ted.com/participate/organize-a-local-tedx-event/tedx-organizer-guide/branding-promotions/logo-and-design/your-tedx-logo"
        },
        {
            "title": "Teespring",
            "hex": "39ACE6",
            "source": "https://teespring.com"
        },
        {
            "title": "Telegram",
            "hex": "2CA5E0",
            "source": "https://commons.wikimedia.org/wiki/File:Telegram_alternative_logo.svg"
        },
        {
            "title": "Tesla",
            "hex": "CC0000",
            "source": "http://www.teslamotors.com/en_GB/about"
        },
        {
            "title": "Tinder",
            "hex": "FF6B6B",
            "source": "http://www.gotinder.com/press"
        },
        {
            "title": "Toggl",
            "hex": "C5000B",
            "source": "https://blog.toggl.com/media-kit/"
        },
        {
            "title": "Topcoder",
            "hex": "29A8E0",
            "source": ""
        },
        {
            "title": "Toptal",
            "hex": "3863A0",
            "source": "https://www.toptal.com/branding"
        },
        {
            "title": "Trakt",
            "hex": "ED1C24",
            "source": "https://trakt.tv"
        },
        {
            "title": "Travis CI",
            "hex": "39A85B",
            "source": "https://travis-ci.org"
        },
        {
            "title": "Treehouse",
            "hex": "5FCF80",
            "source": "https://teamtreehouse.com/about"
        },
        {
            "title": "Trello",
            "hex": "0079BF",
            "source": "https://trello.com/about/branding"
        },
        {
            "title": "TripAdvisor",
            "hex": "589442",
            "source": "http://www.tripadvisor.co.uk/PressCenter"
        },
        {
            "title": "Trulia",
            "hex": "53B50A",
            "source": "http://www.trulia.com"
        },
        {
            "title": "Tumblr",
            "hex": "36465D",
            "source": "https://www.tumblr.com/logo"
        },
        {
            "title": "Twilio",
            "hex": "E12127",
            "source": "https://www.twilio.com/press"
        },
        {
            "title": "Twitch",
            "hex": "6441A5",
            "source": "http://www.twitch.tv/p/brand-assets"
        },
        {
            "title": "Twitter",
            "hex": "1DA1F2",
            "source": "https://brand.twitter.com"
        },
        {
            "title": "Twoo",
            "hex": "FF7102",
            "source": "http://www.twoo.com/about/press"
        },
        {
            "title": "Uber",
            "hex": "000000",
            "source": "https://www.uber.com/media/"
        },
        {
            "title": "Ubuntu",
            "hex": "DD4814",
            "source": "https://insights.ubuntu.com/press-centre"
        },
        {
            "title": "Udacity",
            "hex": "01B3E3",
            "source": "https://www.udacity.com"
        },
        {
            "title": "Viadeo",
            "hex": "F88D2D",
            "source": "http://corporate.viadeo.com/en/media/resources"
        },
        {
            "title": "Viber",
            "hex": "7C529E",
            "source": "http://www.viber.com/en/media-kit"
        },
        {
            "title": "Vimeo",
            "hex": "1AB7EA",
            "source": "https://vimeo.com/about/brand_guidelines"
        },
        {
            "title": "Vine",
            "hex": "11B48A",
            "source": "https://vine.co/logo"
        },
        {
            "title": "Virb",
            "hex": "0093DA",
            "source": "http://virb.com/about"
        },
        {
            "title": "Visa",
            "hex": "142787",
            "source": "https://commons.wikimedia.org/wiki/File:Visa_2014_logo_detail.svg"
        },
        {
            "title": "VK",
            "hex": "6383A8",
            "source": "https://vk.com/about"
        },
        {
            "title": "Vue.js",
            "hex": "4FC08D",
            "source": "https://github.com/vuejs/art"
        },
        {
            "title": "WeChat",
            "hex": "7BB32E",
            "source": "https://worldvectorlogo.com/logo/wechat-3"
        },
        {
            "title": "WhatsApp",
            "hex": "25D366",
            "source": "https://www.whatsappbrand.com"
        },
        {
            "title": "Wikipedia",
            "hex": "000000",
            "source": "https://en.wikipedia.org/wiki/Logo_of_Wikipedia"
        },
        {
            "title": "Windows",
            "hex": "0078D6",
            "source": "https://commons.wikimedia.org/wiki/File:Windows_10_Logo.svg"
        },
        {
            "title": "Wire",
            "hex": "000000",
            "source": "http://brand.wire.com"
        },
        {
            "title": "Wix",
            "hex": "FFC233",
            "source": "http://www.wix.com/about/design-assets"
        },
        {
            "title": "WordPress",
            "hex": "21759B",
            "source": "https://wordpress.org/about/logos"
        },
        {
            "title": "Xbox",
            "hex": "107C10",
            "source": "http://mspartner-public.sharepoint.com/XBOX%20Games/Xbox%20logo's%20+%20Guidelines/Xbox%20Live/Xbox_Live_Guidelines_10-4-13.pdf"
        },
        {
            "title": "Xero",
            "hex": "13B5EA",
            "source": "https://www.xero.com/uk/about/media/downloads"
        },
        {
            "title": "Xing",
            "hex": "005A5F",
            "source": "https://worldvectorlogo.com/logo/xing-icon"
        },
        {
            "title": "Yahoo!",
            "hex": "440099",
            "source": "https://en.wikipedia.org/wiki/Yahoo!"
        },
        {
            "title": "Yammer",
            "hex": "0072C6",
            "source": "https://developer.yammer.com/docs/branding-guide"
        },
        {
            "title": "Yelp",
            "hex": "C41200",
            "source": "http://www.yelp.com/brand"
        },
        {
            "title": "YouTube",
            "hex": "CD201F",
            "source": "https://www.youtube.com/yt/brand/en-GB/downloads.html"
        },
        {
            "title": "Zapier",
            "hex": "FF4A00",
            "source": "https://zapier.com/about/brand"
        },
        {
            "title": "Zendesk",
            "hex": "03363D",
            "source": "https://www.zendesk.com"
        },
        {
            "title": "Zerply",
            "hex": "9DBC7A",
            "source": "https://zerply.com/about/resources"
        },
        {
            "title": "Zillow",
            "hex": "0074E4",
            "source": "http://zillow.mediaroom.com/logos"
        }
    ]
}
